best epoch, train loss, train mae, valid loss, valid mae, test loss, test mae
00000198, 0.93950820, 0.52731782, 2.36971545, 0.86065972, 2.30939031, 0.84999657
