best epoch, train loss, train mae, valid loss, valid mae, test loss, test mae
00000199, 4.16722775, 1.33424461, 7.05379725, 1.81252980, 5.63788462, 1.67275846
