best epoch, train loss, train mae, valid loss, valid mae, test loss, test mae
00000191, 0.33598280, 0.27739981, 0.62733346, 0.30598056, 0.77576143, 0.32367599
